{"cameraMode":{"drawMode":0,"name":"Shaded","section":"Shading Mode"},"sceneLighting":false,"audioPlay":false,"sceneViewState":{"m_AlwaysRefresh":false,"showFog":false,"showSkybox":false,"showFlares":false,"showImageEffects":false,"showParticleSystems":false,"showVisualEffectGraphs":true,"m_FxEnabled":true},"in2DMode":false,"pivot":{"x":-0.058433353900909427,"y":0.8767552375793457,"z":-0.2398737668991089},"rotation":{"x":-0.013665610924363137,"y":-0.974172055721283,"z":0.21713502705097199,"w":-0.06116272881627083},"size":0.7622897624969482,"orthographic":false}