{"cameraMode":{"drawMode":0,"name":"Shaded","section":"Shading Mode"},"sceneLighting":false,"audioPlay":false,"sceneViewState":{"m_AlwaysRefresh":false,"showFog":true,"showSkybox":false,"showFlares":true,"showImageEffects":true,"showParticleSystems":true,"showVisualEffectGraphs":true,"m_FxEnabled":true},"in2DMode":false,"pivot":{"x":0.009559214115142823,"y":2.500121831893921,"z":0.676807165145874},"rotation":{"x":0.029451638460159303,"y":-0.8244301676750183,"z":-0.043062467128038409,"w":-0.5636696219444275},"size":3.252195358276367,"orthographic":false}