{"cameraMode":{"drawMode":0,"name":"Shaded","section":"Shading Mode"},"sceneLighting":false,"audioPlay":false,"sceneViewState":{"m_AlwaysRefresh":false,"showFog":true,"showSkybox":false,"showFlares":true,"showImageEffects":true,"showParticleSystems":true,"showVisualEffectGraphs":true,"m_FxEnabled":true},"in2DMode":false,"pivot":{"x":-2.9802322387695315e-8,"y":0.8333110809326172,"z":-0.03805941343307495},"rotation":{"x":0.020088644698262216,"y":-0.9527139663696289,"z":0.2965947389602661,"w":0.0643700584769249},"size":5.291716575622559,"orthographic":false}